game_pk,date,hp_umpire,n_challenges
823457,2026-06-04,Vic Carapazza,5
824753,2026-06-04,Marvin Hudson,7
823542,2026-06-04,James Jean,5
823779,2026-06-04,Edwin Jimenez,5
824919,2026-06-04,Carlos Torres,5
823698,2026-06-04,Dan Merzel,3
824672,2026-06-04,Steven Jaschinski,3
824185,2026-06-04,David Rackley,1
825076,2026-06-04,Jordan Baker,4
824673,2026-06-05,Alex Tosi,0
824271,2026-06-05,Erich Bacchus,2
823455,2026-06-05,Roberto Ortiz,5
823538,2026-06-05,Sean Barber,4
822810,2026-06-05,Nic Lentz,1
823860,2026-06-05,Jacob Metz,3
824914,2026-06-05,Ramon De Jesus,8
824186,2026-06-05,Nick Mahrley,4
823049,2026-06-05,Chris Conroy,4
822892,2026-06-05,Nestor Ceja,2
823699,2026-06-05,Dan Bellino,4
824350,2026-06-05,Rob Drake,5
825073,2026-06-05,Ron Kulpa,3
823293,2026-06-05,Chad Whitson,1
823943,2026-06-05,Jen Pawol,6
823649,2026-03-26,Adrian Johnson,3
823812,2026-03-26,Mark Wegner,4
824704,2026-03-26,Alan Porter,3
824865,2026-03-26,Laz Diaz,5
824541,2026-03-26,Dan Iassogna,4
824218,2026-03-26,Chris Conroy,3
823325,2026-03-26,Alfonso Márquez,1
823081,2026-03-26,Chris Guccione,3
823486,2026-03-26,James Hoye,1
823974,2026-03-26,Andy Fletcher,1
823163,2026-03-26,Lance Barksdale,2
823243,2026-03-27,Chad Fairchild,4
822839,2026-03-27,Marvin Hudson,1
823893,2026-03-27,Jordan Baker,3
824946,2026-03-27,Doug Eddings,5
824216,2026-03-27,John Tumpane,4
823324,2026-03-27,Lance Barrett,4
823162,2026-03-27,Will Little,4
823971,2026-03-27,Cory Blaser,4
823082,2026-03-28,David Rackley,3
824701,2026-03-28,Jim Wolf,3
822838,2026-03-28,Tripp Gibson,6
824862,2026-03-28,Brian O'Nora,3
823488,2026-03-28,D.J. Reyburn,5
824540,2026-03-28,CB Bucknor,8
823651,2026-03-28,Quinn Wolcott,1
823892,2026-03-28,Rob Drake,3
824213,2026-03-28,Ben May,4
823811,2026-03-28,Bruce Dreckman,4
824945,2026-03-28,Mike Muchlinski,3
823241,2026-03-28,Chad Whitson,7
823323,2026-03-28,Malachi Moore,5
823973,2026-03-28,Jansen Visconti,3
823161,2026-03-28,Ryan Additon,6
824864,2026-03-29,Chris Segal,10
823487,2026-03-29,Sean Barber,4
824944,2026-03-29,Gabe Morales,3
822837,2026-03-29,Ryan Blakney,3
824538,2026-03-29,Adam Beck,4
823647,2026-03-29,Ramon De Jesus,4
823891,2026-03-29,Stu Scheurwater,3
824215,2026-03-29,Brennan Miller,4
823810,2026-03-29,Carlos Torres,7
823079,2026-03-29,Nestor Ceja,3
824700,2026-03-29,Roberto Ortiz,4
823160,2026-03-29,Ryan Wills,2
824135,2026-03-30,Alex Tosi,4
824863,2026-03-30,Ron Kulpa,5
824539,2026-03-30,Junior Valentine,2
823484,2026-03-30,Nick Mahrley,3
823890,2026-03-30,Emil Jimenez,5
822834,2026-03-30,Erich Bacchus,3
824943,2026-03-30,Dan Bellino,6
824702,2026-03-30,Charlie Ramos,1
823809,2026-03-30,Jeremie Rehak,3
823080,2026-03-30,Vic Carapazza,1
824214,2026-03-30,Nate Tomlinson,3
823320,2026-03-30,Lance Barksdale,4
823159,2026-03-30,Mike Estabrook,5
825108,2026-03-30,Todd Tichenor,3
823972,2026-03-30,Paul Clemons,4
824861,2026-03-31,Scott Barry,2
824537,2026-03-31,Jordan Baker,3
823485,2026-03-31,Marvin Hudson,3
823888,2026-03-31,Doug Eddings,4
822836,2026-03-31,Laz Diaz,7
824942,2026-03-31,Mark Ripperger,2
824699,2026-03-31,Chris Guccione,3
823807,2026-03-31,Dan Iassogna,7
823077,2026-03-31,Hunter Wendelstedt,5
824212,2026-03-31,Mark Wegner,2
825107,2026-03-31,Bill Miller,9
823322,2026-03-31,Will Little,2
823158,2026-03-31,Alfonso Márquez,5
823969,2026-03-31,Adrian Johnson,5
824940,2026-04-01,Shane Livensparger,3
824860,2026-04-01,Manny Gonzalez,5
824536,2026-04-01,Rob Drake,5
823483,2026-04-01,Tripp Gibson,2
822835,2026-04-01,Brian O'Nora,6
823889,2026-04-01,Mike Muchlinski,0
823078,2026-04-01,Nic Lentz,6
823806,2026-04-01,CB Bucknor,1
824211,2026-04-01,Bruce Dreckman,3
824698,2026-04-01,David Rackley,4
825106,2026-04-01,Adam Hamari,1
823321,2026-04-01,Ryan Additon,1
823157,2026-04-01,Lance Barrett,8
824136,2026-04-01,Andy Fletcher,11
823970,2026-04-01,Quinn Wolcott,1
824133,2026-04-02,Cory Blaser,4
825105,2026-04-02,Malachi Moore,3
823242,2026-04-02,Nestor Ceja,2
822758,2026-04-03,Gabe Morales,4
824299,2026-04-03,Carlos Torres,1
823568,2026-04-03,Tom Hanahan,5
824786,2026-04-03,Chris Segal,3
824621,2026-04-03,Stu Scheurwater,3
822919,2026-04-03,Clint Vondrak,1
824458,2026-04-03,Dan Merzel,3
823732,2026-04-03,Ryan Blakney,5
824377,2026-04-03,Jansen Visconti,4
823406,2026-04-03,Jeremie Rehak,4
824056,2026-04-03,Ramon De Jesus,7
825026,2026-04-03,Edwin Moscoso,4
825103,2026-04-03,Mike Estabrook,7
823240,2026-04-03,Charlie Ramos,5
824622,2026-04-04,Junior Valentine,3
824132,2026-04-04,Ryan Wills,5
824134,2026-04-04,Lance Barksdale,6
822757,2026-04-04,Doug Eddings,4
825027,2026-04-04,Vic Carapazza,6
823404,2026-04-04,Dan Iassogna,2
824782,2026-04-04,Erich Bacchus,2
822920,2026-04-04,Todd Tichenor,2
823569,2026-04-04,Ron Kulpa,9
823730,2026-04-04,Nick Mahrley,4
825104,2026-04-04,Alfonso Márquez,2
824378,2026-04-04,Alex Tosi,5
823239,2026-04-04,David Rackley,3
824054,2026-04-04,Paul Clemons,5
824459,2026-04-05,Dan Bellino,6
824460,2026-04-05,Mark Ripperger,6
822756,2026-04-05,Willie Traynor,2
823405,2026-04-05,James Jean,3
824781,2026-04-05,Laz Diaz,3
823566,2026-04-05,Manny Gonzalez,7
823729,2026-04-05,Marvin Hudson,4
824620,2026-04-05,Jordan Baker,2
824131,2026-04-05,Will Little,4
822917,2026-04-05,Bill Miller,1
824379,2026-04-05,Andy Fletcher,5
825025,2026-04-05,Nic Lentz,7
823238,2026-04-05,Edwin Jimenez,3
824053,2026-04-05,Adrian Johnson,9
825102,2026-04-05,Lance Barrett,3
824296,2026-04-05,Mark Wegner,7
823002,2026-04-06,Brian Walsh,3
824456,2026-04-06,Adam Beck,4
823401,2026-04-06,Tripp Gibson,5
823886,2026-04-06,John Libka,1
822755,2026-04-06,Tom Hanahan,4
824783,2026-04-06,Chris Conroy,1
822832,2026-04-06,Shane Livensparger,3
823728,2026-04-06,Rob Drake,5
824619,2026-04-06,Malachi Moore,3
822918,2026-04-06,Alex MacKay,2
824376,2026-04-06,Nestor Ceja,4
824052,2026-04-06,Hunter Wendelstedt,3
823237,2026-04-06,Adam Hamari,5
824457,2026-04-07,Ben May,5
824618,2026-04-07,Mike Estabrook,3
823648,2026-04-07,Brian O'Nora,5
823402,2026-04-07,Ryan Blakney,5
822999,2026-04-07,Chad Fairchild,6
823887,2026-04-07,James Hoye,6
822754,2026-04-07,Derek Thomas,5
824780,2026-04-07,John Tumpane,3
823567,2026-04-07,Bruce Dreckman,8
822831,2026-04-07,Dan Merzel,4
823727,2026-04-07,Quinn Wolcott,5
822916,2026-04-07,Alan Porter,1
824375,2026-04-07,Charlie Ramos,7
824051,2026-04-07,Edwin Moscoso,4
823235,2026-04-07,Clint Vondrak,1
823403,2026-04-08,Nick Mahrley,4
824455,2026-04-08,Dan Iassogna,4
824779,2026-04-08,Brennan Miller,3
824617,2026-04-08,Willie Traynor,4
822915,2026-04-08,Brock Ballou,2
822833,2026-04-08,Dan Bellino,3
824374,2026-04-08,David Rackley,4
823234,2026-04-08,Todd Tichenor,5
822753,2026-04-08,Scott Barry,3
824050,2026-04-08,Vic Carapazza,4
823646,2026-04-08,Chris Segal,4
823000,2026-04-08,Chad Whitson,4
823885,2026-04-08,D.J. Reyburn,6
823564,2026-04-08,Carlos Torres,4
823726,2026-04-08,Steven Jaschinski,7
823884,2026-04-09,Sean Barber,4
823565,2026-04-09,Nate Tomlinson,5
823724,2026-04-09,Adrian Johnson,7
823645,2026-04-09,Erich Bacchus,4
824130,2026-04-09,Marvin Hudson,5
823319,2026-04-09,Nic Lentz,10
824695,2026-04-10,Roberto Ortiz,3
823482,2026-04-10,Quinn Wolcott,2
824297,2026-04-10,Lance Barrett,5
824534,2026-04-10,James Jean,2
822829,2026-04-10,Manny Gonzalez,7
823643,2026-04-10,John Libka,2
822997,2026-04-10,Mark Ripperger,5
824858,2026-04-10,Laz Diaz,1
824941,2026-04-10,Dexter Kelley,5
824128,2026-04-10,Tripp Gibson,3
823808,2026-04-10,Mark Wegner,5
823076,2026-04-10,Bill Miller,2
823318,2026-04-10,Hunter Wendelstedt,11
823156,2026-04-10,Austin Jones,6
823968,2026-04-10,Chris Guccione,4
823480,2026-04-11,Brock Ballou,2
824294,2026-04-11,Malachi Moore,2
824697,2026-04-11,Alex MacKay,8
822830,2026-04-11,Tom Hanahan,5
824535,2026-04-11,Adam Beck,3
823644,2026-04-11,James Hoye,4
824129,2026-04-11,Ryan Blakney,3
822996,2026-04-11,Shane Livensparger,4
823805,2026-04-11,Bruce Dreckman,5
824857,2026-04-11,Brian O'Nora,4
823074,2026-04-11,Brian Walsh,5
824939,2026-04-11,Chris Conroy,8
823316,2026-04-11,Edwin Moscoso,2
823967,2026-04-11,Nestor Ceja,3
823155,2026-04-11,Adam Hamari,3
824859,2026-04-12,Chris Segal,5
823479,2026-04-12,Dan Merzel,5
822828,2026-04-12,Derek Thomas,3
824533,2026-04-12,Ben May,2
823642,2026-04-12,D.J. Reyburn,4
824293,2026-04-12,Mike Estabrook,6
822998,2026-04-12,Dan Bellino,5
824126,2026-04-12,Nick Mahrley,2
823804,2026-04-12,Carlos Torres,6
823075,2026-04-12,Chad Fairchild,1
824696,2026-04-12,Alan Porter,6
823317,2026-04-12,Vic Carapazza,3
823154,2026-04-12,Clint Vondrak,1
823966,2026-04-12,Charlie Ramos,7
824938,2026-04-12,John Tumpane,3
823153,2026-04-13,Todd Tichenor,3
824856,2026-04-13,Brennan Miller,6
823400,2026-04-13,Sean Barber,1
823481,2026-04-13,Nate Tomlinson,2
823563,2026-04-13,Ryan Additon,7
824937,2026-04-13,Dan Iassogna,5
823725,2026-04-13,Willie Traynor,3
823073,2026-04-13,Jim Wolf,4
825024,2026-04-13,Mike Muchlinski,3
823964,2026-04-13,Nic Lentz,5
824853,2026-04-14,Chris Conroy,5
824292,2026-04-14,Cory Blaser,3
823398,2026-04-14,John Libka,6
824531,2026-04-14,Paul Clemons,1
823478,2026-04-14,Mark Wegner,1
823562,2026-04-14,Ryan Wills,5
824935,2026-04-14,James Jean,2
823723,2026-04-14,Lance Barrett,5
824616,2026-04-14,Alex Tosi,7
823802,2026-04-14,David Rackley,5
823072,2026-04-14,Roberto Ortiz,4
824210,2026-04-14,Rob Drake,4
823315,2026-04-14,Chad Whitson,3
825022,2026-04-14,Gabe Morales,4
823965,2026-04-14,Hunter Wendelstedt,3
824855,2026-04-15,John Tumpane,4
823071,2026-04-15,Alex MacKay,3
823722,2026-04-15,Malachi Moore,3
824291,2026-04-15,Jansen Visconti,4
823399,2026-04-15,James Hoye,3
824532,2026-04-15,Quinn Wolcott,4
823477,2026-04-15,Bruce Dreckman,3
823561,2026-04-15,Lance Barksdale,4
824936,2026-04-15,Adam Beck,2
824615,2026-04-15,Adam Hamari,3
823803,2026-04-15,Chris Guccione,4
824209,2026-04-15,Stu Scheurwater,5
823314,2026-04-15,Bill Miller,5
825021,2026-04-15,Edwin Jimenez,1
823963,2026-04-15,Edwin Moscoso,5
823396,2026-04-16,D.J. Reyburn,5
824530,2026-04-16,Junior Valentine,4
824289,2026-04-16,Andy Fletcher,4
823560,2026-04-16,Will Little,8
823801,2026-04-16,Nestor Ceja,8
824614,2026-04-16,Austin Jones,9
825023,2026-04-16,Doug Eddings,7
824453,2026-04-16,Carlos Torres,2
824208,2026-04-16,John Bacon,7
823313,2026-04-16,Brian Walsh,7
824693,2026-04-17,Todd Tichenor,4
824454,2026-04-17,Nate Tomlinson,2
823476,2026-04-17,John Libka,3
822752,2026-04-17,Jen Pawol,4
823397,2026-04-17,Brock Ballou,6
823559,2026-04-17,Charlie Ramos,5
823883,2026-04-17,Derek Thomas,6
824778,2026-04-17,Ryan Additon,1
824207,2026-04-17,Alfonso Márquez,2
823720,2026-04-17,Vic Carapazza,3
824373,2026-04-17,Jeremie Rehak,2
824048,2026-04-17,Mike Muchlinski,7
823152,2026-04-17,Jordan Baker,3
825101,2026-04-17,Alan Porter,0
825019,2026-04-17,Chad Fairchild,6
823558,2026-04-18,Tyler Jones,3
823721,2026-04-18,Nic Lentz,4
824694,2026-04-18,Alex Tosi,2
823394,2026-04-18,Adrian Johnson,6
822751,2026-04-18,Brennan Miller,2
825020,2026-04-18,Chad Whitson,7
824775,2026-04-18,Felix Neon,3
823882,2026-04-18,Sean Barber,6
824451,2026-04-18,Mark Wegner,2
824206,2026-04-18,Willie Traynor,2
823151,2026-04-18,Rob Drake,4
823474,2026-04-18,James Hoye,5
824372,2026-04-18,Dan Iassogna,5
825098,2026-04-18,Jim Wolf,0
824049,2026-04-18,Gabe Morales,2
822750,2026-04-19,Ryan Wills,2
823393,2026-04-19,Paul Clemons,1
823556,2026-04-19,Chris Guccione,6
824452,2026-04-19,Bruce Dreckman,7
823881,2026-04-19,Jansen Visconti,3
824205,2026-04-19,Lance Barrett,4
823718,2026-04-19,Hunter Wendelstedt,7
824691,2026-04-19,Adam Hamari,3
824371,2026-04-19,James Jean,5
825018,2026-04-19,Bill Miller,9
824047,2026-04-19,Edwin Jimenez,3
823150,2026-04-19,Stu Scheurwater,6
825100,2026-04-19,Roberto Ortiz,4
824777,2026-04-19,Lance Barksdale,5
823475,2026-04-19,D.J. Reyburn,5
824776,2026-04-20,Will Little,2
824450,2026-04-20,Andy Fletcher,4
822994,2026-04-20,Marvin Hudson,2
823879,2026-04-20,Scott Barry,3
822749,2026-04-20,Erich Bacchus,0
824125,2026-04-20,Quinn Wolcott,7
824692,2026-04-20,Edwin Moscoso,7
824370,2026-04-20,Adam Beck,5
824046,2026-04-20,Brian Walsh,7
823149,2026-04-20,Mike Estabrook,0
824448,2026-04-21,Derek Thomas,4
822995,2026-04-21,Tripp Gibson,4
823880,2026-04-21,Manny Gonzalez,8
824290,2026-04-21,Emil Jimenez,2
822747,2026-04-21,Laz Diaz,5
824773,2026-04-21,Austin Jones,4
823640,2026-04-21,Ryan Additon,4
824127,2026-04-21,Brock Ballou,6
824690,2026-04-21,Vic Carapazza,4
822914,2026-04-21,Mark Ripperger,2
824369,2026-04-21,Alex MacKay,4
824045,2026-04-21,Chad Fairchild,2
823148,2026-04-21,Malachi Moore,9
825099,2026-04-21,Doug Eddings,4
823236,2026-04-21,Junior Valentine,6
823878,2026-04-22,Jacob Metz,6
824449,2026-04-22,Alex Tosi,6
822993,2026-04-22,Ryan Blakney,3
824123,2026-04-22,Adrian Johnson,4
824044,2026-04-22,Chad Whitson,6
823147,2026-04-22,Alfonso Márquez,5
824286,2026-04-22,Mike Muchlinski,1
822748,2026-04-22,Brian O'Nora,3
824774,2026-04-22,Todd Tichenor,3
823641,2026-04-22,Ryan Wills,5
824688,2026-04-22,John Bacon,6
822913,2026-04-22,Shane Livensparger,5
824367,2026-04-22,Alan Porter,2
825097,2026-04-22,Jeremie Rehak,7
823231,2026-04-22,Jordan Baker,6
822745,2026-04-23,Chris Segal,6
824288,2026-04-23,Gabe Morales,3
824689,2026-04-23,Hunter Wendelstedt,6
824368,2026-04-23,Roberto Ortiz,7
825096,2026-04-23,Cory Blaser,7
823233,2026-04-23,Rob Drake,6
824770,2026-04-23,John Libka,3
823639,2026-04-23,Lance Barksdale,2
822912,2026-04-23,Dan Merzel,4
824529,2026-04-24,Erich Bacchus,4
824854,2026-04-24,Jansen Visconti,2
822827,2026-04-24,Paul Clemons,6
823638,2026-04-24,Nick Mahrley,6
822992,2026-04-24,Bill Miller,2
824932,2026-04-24,Dexter Kelley,3
824124,2026-04-24,Jim Wolf,6
824611,2026-04-24,Will Little,7
823800,2026-04-24,Tom Hanahan,4
822909,2026-04-24,Clint Vondrak,2
824204,2026-04-24,Adam Beck,7
823069,2026-04-24,Edwin Moscoso,3
823962,2026-04-24,Willie Traynor,2
823232,2026-04-24,Dan Bellino,7
824851,2026-04-25,Andy Fletcher,3
823070,2026-04-25,Vic Carapazza,2
822826,2026-04-25,Quinn Wolcott,6
823229,2026-04-25,Mark Ripperger,5
822989,2026-04-25,Brian Walsh,6
824613,2026-04-25,Ryan Additon,9
825093,2026-04-25,Stu Scheurwater,0
822910,2026-04-25,Austin Jones,2
824121,2026-04-25,Derek Thomas,5
824203,2026-04-25,Dan Iassogna,7
823799,2026-04-25,Scott Barry,6
824527,2026-04-25,Laz Diaz,6
823960,2026-04-25,Mike Estabrook,5
824933,2026-04-25,Emil Jimenez,3
824852,2026-04-26,Alex Tosi,3
824934,2026-04-26,Mike Muchlinski,9
822824,2026-04-26,Ramon De Jesus,7
824528,2026-04-26,Brian O'Nora,4
823635,2026-04-26,Ryan Blakney,7
823637,2026-04-26,Louie Krupa,4
822991,2026-04-26,Chad Fairchild,3
824612,2026-04-26,Ryan Wills,8
824202,2026-04-26,Jeremie Rehak,4
823797,2026-04-26,Manny Gonzalez,2
823068,2026-04-26,John Bacon,9
822911,2026-04-26,Todd Tichenor,2
825094,2026-04-26,Junior Valentine,0
823230,2026-04-26,Shane Livensparger,4
824122,2026-04-26,Alex MacKay,4
823959,2026-04-26,Malachi Moore,2
824446,2026-04-27,Jacob Metz,9
823395,2026-04-27,Chris Segal,3
822825,2026-04-27,Marvin Hudson,6
823719,2026-04-27,Gabe Morales,3
824609,2026-04-27,Hunter Wendelstedt,6
822906,2026-04-27,John Tumpane,5
823311,2026-04-27,Dan Merzel,6
823961,2026-04-27,Tripp Gibson,4
824447,2026-04-28,Tom Hanahan,3
824849,2026-04-28,Jordan Baker,4
824526,2026-04-28,Carlos Torres,2
823390,2026-04-28,Erich Bacchus,1
823473,2026-04-28,Nestor Ceja,3
822823,2026-04-28,Brennan Miller,0
823636,2026-04-28,Chad Whitson,3
824931,2026-04-28,Alan Porter,5
823716,2026-04-28,Doug Eddings,4
824610,2026-04-28,Nic Lentz,6
823798,2026-04-28,Lance Barrett,3
822908,2026-04-28,Chris Conroy,4
825017,2026-04-28,Sean Barber,4
823310,2026-04-28,Dan Bellino,6
823956,2026-04-28,Clint Vondrak,5
824445,2026-04-29,Scott Barry,1
824608,2026-04-29,Vic Carapazza,9
823717,2026-04-29,Dexter Kelley,5
822907,2026-04-29,Tyler Jones,5
822821,2026-04-29,James Jean,3
823958,2026-04-29,Austin Jones,6
823312,2026-04-29,Mark Ripperger,6
824525,2026-04-29,Nate Tomlinson,2
823392,2026-04-29,Laz Diaz,5
823633,2026-04-29,Bill Miller,1
824930,2026-04-29,Will Little,4
823796,2026-04-29,Alfonso Márquez,4
825015,2026-04-29,John Libka,1
824929,2026-04-30,Roberto Ortiz,4
824848,2026-04-30,Rob Drake,4
824850,2026-04-30,Stu Scheurwater,5
823391,2026-04-30,Brian O'Nora,7
823472,2026-04-30,Charlie Ramos,5
823471,2026-04-30,David Rackley,5
824524,2026-04-30,Bruce Dreckman,4
823634,2026-04-30,Brian Walsh,2
823795,2026-04-30,Mike Estabrook,4
825016,2026-04-30,D.J. Reyburn,3
823714,2026-04-30,Manny Gonzalez,3
824686,2026-05-01,Mike Muchlinski,3
824287,2026-05-01,Ryan Blakney,3
823389,2026-05-01,Jim Wolf,5
822744,2026-05-01,Junior Valentine,5
823557,2026-05-01,Malachi Moore,4
824772,2026-05-01,Chris Segal,1
822990,2026-05-01,John Bacon,6
823877,2026-05-01,Mark Wegner,4
823713,2026-05-01,Jacob Metz,6
823066,2026-05-01,Chris Guccione,7
824366,2026-05-01,Chad Fairchild,4
824041,2026-05-01,Ben May,3
825012,2026-05-01,Shane Livensparger,5
823309,2026-05-01,James Hoye,3
823146,2026-05-01,Adam Hamari,4
823554,2026-05-02,Lance Barrett,3
823715,2026-05-02,Tom Hanahan,4
824685,2026-05-02,Gabe Morales,6
825014,2026-05-02,Dan Merzel,5
823388,2026-05-02,Willie Traynor,3
822746,2026-05-02,Jordan Baker,4
824771,2026-05-02,Erich Bacchus,3
823876,2026-05-02,Carlos Torres,2
822988,2026-05-02,Hunter Wendelstedt,4
823067,2026-05-02,Nestor Ceja,2
824284,2026-05-02,Marvin Hudson,1
824365,2026-05-02,Chad Whitson,4
823308,2026-05-02,Sean Barber,6
824042,2026-05-02,John Tumpane,3
823144,2026-05-02,Tripp Gibson,5
823711,2026-05-03,Scott Barry,5
824769,2026-05-03,Laz Diaz,9
823387,2026-05-03,Alan Porter,8
823555,2026-05-03,Alfonso Márquez,5
822742,2026-05-03,Rob Drake,4
822987,2026-05-03,Nic Lentz,4
823875,2026-05-03,Nate Tomlinson,3
823065,2026-05-03,Charlie Ramos,6
824687,2026-05-03,Doug Eddings,3
824364,2026-05-03,Bill Miller,6
825013,2026-05-03,Dan Bellino,4
824043,2026-05-03,Chris Conroy,3
823145,2026-05-03,Clint Vondrak,5
823307,2026-05-03,John Libka,5
824285,2026-05-03,Brennan Miller,2
824363,2026-05-04,D.J. Reyburn,5
824283,2026-05-04,Dan Iassogna,3
822984,2026-05-04,David Rackley,2
823874,2026-05-04,Bruce Dreckman,3
823552,2026-05-04,Mike Estabrook,4
824684,2026-05-04,Manny Gonzalez,5
824120,2026-05-04,Vic Carapazza,3
823064,2026-05-04,Emil Jimenez,4
824201,2026-05-04,Mark Ripperger,3
824039,2026-05-04,Cory Blaser,5
823143,2026-05-04,Lance Barksdale,3
823228,2026-05-04,Todd Tichenor,2
824281,2026-05-05,Adam Beck,3
822986,2026-05-05,Chris Guccione,5
823469,2026-05-05,Malachi Moore,6
823873,2026-05-05,Roberto Ortiz,5
822743,2026-05-05,Mark Wegner,2
823553,2026-05-05,Paul Clemons,4
824682,2026-05-05,Jacob Metz,4
824119,2026-05-05,John Bacon,5
824200,2026-05-05,Shane Livensparger,2
824040,2026-05-05,Jansen Visconti,3
825092,2026-05-05,Ben May,3
823142,2026-05-05,Will Little,3
823227,2026-05-05,Adam Hamari,4
822985,2026-05-06,Nestor Ceja,4
823063,2026-05-06,Mike Muchlinski,3
824198,2026-05-06,Edwin Jimenez,3
823226,2026-05-06,Tripp Gibson,1
824036,2026-05-06,Andy Fletcher,4
823141,2026-05-06,Ryan Additon,6
824282,2026-05-06,Jonathan Parra,4
823470,2026-05-06,Lance Barrett,9
823872,2026-05-06,Alex MacKay,2
822740,2026-05-06,Carlos Torres,2
823550,2026-05-06,Quinn Wolcott,9
824683,2026-05-06,Tom Hanahan,5
824118,2026-05-06,Edwin Moscoso,8
824361,2026-05-06,James Hoye,5
825091,2026-05-06,John Tumpane,1
823551,2026-05-07,Brock Ballou,1
822741,2026-05-07,Nate Tomlinson,4
824117,2026-05-07,Nic Lentz,4
824681,2026-05-07,Scott Barry,5
824362,2026-05-07,Sean Barber,4
825090,2026-05-07,Brennan Miller,4
823467,2026-05-07,Alfonso Márquez,3
823870,2026-05-07,Willie Traynor,5
824767,2026-05-07,Tyler Jones,2
823306,2026-05-07,Alex Tosi,2
824522,2026-05-08,Jeremie Rehak,6
823466,2026-05-08,Vic Carapazza,2
824846,2026-05-08,Bruce Dreckman,6
822822,2026-05-08,Mike Estabrook,2
824768,2026-05-08,Steven Jaschinski,5
823871,2026-05-08,Charlie Ramos,6
824443,2026-05-08,Ramon De Jesus,4
824116,2026-05-08,Dexter Kelley,4
824607,2026-05-08,Dan Bellino,1
823794,2026-05-08,Alan Porter,4
822904,2026-05-08,Clint Vondrak,2
825088,2026-05-08,Ryan Wills,5
823303,2026-05-08,Cory Blaser,3
823957,2026-05-08,Chris Conroy,3
823225,2026-05-08,Manny Gonzalez,2
822820,2026-05-09,Malachi Moore,1
824847,2026-05-09,Austin Jones,2
824523,2026-05-09,David Rackley,4
823869,2026-05-09,James Jean,6
823468,2026-05-09,John Bacon,6
824444,2026-05-09,Paul Clemons,5
822905,2026-05-09,James Hoye,2
824115,2026-05-09,Gabe Morales,5
824606,2026-05-09,Mark Ripperger,2
823792,2026-05-09,Roberto Ortiz,5
825089,2026-05-09,Lance Barksdale,6
823304,2026-05-09,Jansen Visconti,4
823224,2026-05-09,Jacob Metz,5
823955,2026-05-09,Ben May,2
823868,2026-05-10,Chris Guccione,5
824845,2026-05-10,Carlos Torres,6
824765,2026-05-10,John Libka,5
823463,2026-05-10,Edwin Moscoso,3
822819,2026-05-10,Lance Barrett,4
824520,2026-05-10,Adam Beck,2
824440,2026-05-10,Quinn Wolcott,4
824605,2026-05-10,Shane Livensparger,5
823793,2026-05-10,Alex MacKay,7
822902,2026-05-10,Adam Hamari,1
823221,2026-05-10,Tom Hanahan,6
825085,2026-05-10,Will Little,5
823305,2026-05-10,Andy Fletcher,3
823954,2026-05-10,John Tumpane,4
824113,2026-05-10,Emil Jimenez,6
824441,2026-05-11,Jonathan Parra,5
824844,2026-05-11,Nic Lentz,0
822818,2026-05-11,Brian O'Nora,4
822901,2026-05-11,Alex Tosi,2
824199,2026-05-11,Dillon Wilson,1
823953,2026-05-11,Ryan Blakney,5
824442,2026-05-12,Jeremie Rehak,3
824843,2026-05-12,Hunter Wendelstedt,4
824521,2026-05-12,Mike Muchlinski,6
823385,2026-05-12,Brock Ballou,3
824764,2026-05-12,Dan Merzel,2
822817,2026-05-12,Chris Segal,4
823632,2026-05-12,Stu Scheurwater,6
824927,2026-05-12,Tyler Jones,5
824604,2026-05-12,Chris Conroy,3
823712,2026-05-12,Scott Barry,4
823790,2026-05-12,Ryan Additon,5
822903,2026-05-12,Cory Blaser,2
824197,2026-05-12,Jim Wolf,6
825011,2026-05-12,Chad Fairchild,3
823951,2026-05-12,Brian Walsh,5
824841,2026-05-13,Edwin Moscoso,4
824438,2026-05-13,Dan Iassogna,5
824519,2026-05-13,Dexter Kelley,7
823386,2026-05-13,Ramon De Jesus,4
824763,2026-05-13,Dan Bellino,2
822815,2026-05-13,Erich Bacchus,6
823631,2026-05-13,Junior Valentine,6
824928,2026-05-13,Sean Barber,6
824603,2026-05-13,Jen Pawol,5
823710,2026-05-13,Manny Gonzalez,7
823791,2026-05-13,Ryan Wills,4
822900,2026-05-13,Jansen Visconti,5
824195,2026-05-13,Roberto Ortiz,6
825010,2026-05-13,Chad Whitson,3
823952,2026-05-13,James Jean,1
823383,2026-05-14,Paul Clemons,2
824517,2026-05-14,Doug Eddings,6
823630,2026-05-14,Jordan Baker,3
823709,2026-05-14,Tom Hanahan,4
823789,2026-05-14,Lance Barksdale,5
824196,2026-05-14,Willie Traynor,10
825008,2026-05-14,Felix Neon,12
824762,2026-05-14,Mark Ripperger,3
824926,2026-05-14,John Libka,2
824602,2026-05-14,Ben May,5
823950,2026-05-14,Marvin Hudson,4
823384,2026-05-15,Emil Jimenez,3
822739,2026-05-15,John Tumpane,2
824280,2026-05-15,Shane Livensparger,3
824439,2026-05-15,James Hoye,7
822983,2026-05-15,Quinn Wolcott,0
823707,2026-05-15,Rob Drake,4
824925,2026-05-15,Vic Carapazza,4
823629,2026-05-15,Adam Beck,4
824601,2026-05-15,Laz Diaz,5
824194,2026-05-15,Ron Kulpa,7
823061,2026-05-15,Will Little,6
824360,2026-05-15,Ryan Blakney,3
824037,2026-05-15,Jim Wolf,4
823140,2026-05-15,Bill Miller,3
825009,2026-05-15,Alex Tosi,3
824278,2026-05-16,Dan Merzel,4
823060,2026-05-16,Ryan Additon,2
824359,2026-05-16,James Jean,5
822737,2026-05-16,Chris Conroy,6
823382,2026-05-16,Mike Muchlinski,2
822981,2026-05-16,Brock Ballou,11
824435,2026-05-16,Tyler Jones,4
824193,2026-05-16,Dillon Wilson,2
824600,2026-05-16,Brian O'Nora,5
823706,2026-05-16,Stu Scheurwater,3
823139,2026-05-16,Brian Walsh,3
824924,2026-05-16,Nic Lentz,5
823627,2026-05-16,Jonathan Parra,4
824038,2026-05-16,Scott Barry,3
825007,2026-05-16,Cory Blaser,4
822982,2026-05-17,Ramon De Jesus,4
822738,2026-05-17,Brennan Miller,5
823381,2026-05-17,Dexter Kelley,3
824923,2026-05-17,Hunter Wendelstedt,4
824436,2026-05-17,David Rackley,4
824279,2026-05-17,Dan Bellino,6
823628,2026-05-17,Jeremie Rehak,5
824192,2026-05-17,Manny Gonzalez,5
824599,2026-05-17,Chris Segal,12
823708,2026-05-17,Junior Valentine,6
823058,2026-05-17,Ryan Wills,2
824358,2026-05-17,Nick Mahrley,3
825006,2026-05-17,Steven Jaschinski,5
824034,2026-05-17,Alex MacKay,3
823138,2026-05-17,Chad Fairchild,5
824277,2026-05-18,Tom Hanahan,4
822980,2026-05-18,Jordan Baker,4
823465,2026-05-18,Lance Barksdale,3
823867,2026-05-18,Alfonso Márquez,4
822734,2026-05-18,Todd Tichenor,5
823549,2026-05-18,Ben May,4
824114,2026-05-18,Laz Diaz,4
823705,2026-05-18,Marvin Hudson,3
824680,2026-05-18,Derek Thomas,3
824357,2026-05-18,Adam Hamari,7
824035,2026-05-18,Nestor Ceja,3
823301,2026-05-18,Nate Tomlinson,5
825087,2026-05-18,Chad Whitson,1
823137,2026-05-18,Tripp Gibson,4
823865,2026-05-19,Jonathan Parra,6
824276,2026-05-19,Ron Kulpa,4
822979,2026-05-19,Mark Wegner,3
823464,2026-05-19,Will Little,6
822736,2026-05-19,Clint Vondrak,4
823548,2026-05-19,John Tumpane,3
824112,2026-05-19,James Jean,4
823704,2026-05-19,Doug Eddings,3
824677,2026-05-19,Jansen Visconti,3
823059,2026-05-19,D.J. Reyburn,4
824356,2026-05-19,Alan Porter,1
824033,2026-05-19,Louie Krupa,3
823302,2026-05-19,Rob Drake,4
825086,2026-05-19,Bill Miller,5
823136,2026-05-19,Ryan Blakney,5
823462,2026-05-20,Ryan Additon,6
822977,2026-05-20,Stu Scheurwater,6
823703,2026-05-20,Gabe Morales,5
824355,2026-05-20,Jim Wolf,5
825084,2026-05-20,Brian Walsh,4
823134,2026-05-20,Mike Muchlinski,6
824273,2026-05-20,Scott Barry,5
823866,2026-05-20,Lance Barrett,2
822735,2026-05-20,John Bacon,2
823547,2026-05-20,Brock Ballou,3
824111,2026-05-20,Erich Bacchus,2
824678,2026-05-20,Alex Tosi,3
823057,2026-05-20,John Libka,4
823299,2026-05-20,Bruce Dreckman,2
824032,2026-05-20,Chris Guccione,5
824274,2026-05-21,Manny Gonzalez,7
823056,2026-05-21,James Hoye,4
822733,2026-05-21,Chris Segal,3
823864,2026-05-21,Austin Jones,3
823545,2026-05-21,Brennan Miller,3
824031,2026-05-21,David Rackley,4
825083,2026-05-21,Carlos Torres,5
824679,2026-05-22,Chad Fairchild,6
823461,2026-05-22,Junior Valentine,3
823546,2026-05-22,Emil Jimenez,3
822816,2026-05-22,Alex MacKay,4
824761,2026-05-22,Ryan Wills,3
823863,2026-05-22,Cory Blaser,6
824842,2026-05-22,Mike Estabrook,5
824922,2026-05-22,Tom Hanahan,4
824110,2026-05-22,Adam Hamari,1
823788,2026-05-22,Nick Mahrley,1
824029,2026-05-22,Sean Barber,4
825082,2026-05-22,Nate Tomlinson,1
823298,2026-05-22,Malachi Moore,5
823223,2026-05-22,Nestor Ceja,6
824518,2026-05-23,Ben May,3
824516,2026-05-23,John Tumpane,5
824674,2026-05-23,Chad Whitson,7
822814,2026-05-23,Alan Porter,3
823458,2026-05-23,Jordan Baker,6
823222,2026-05-23,Louie Krupa,6
824109,2026-05-23,Todd Tichenor,5
824760,2026-05-23,Jen Pawol,5
824920,2026-05-23,Ron Kulpa,4
823862,2026-05-23,Derek Thomas,3
823787,2026-05-23,Tripp Gibson,5
823300,2026-05-23,Laz Diaz,4
824030,2026-05-23,D.J. Reyburn,3
825080,2026-05-23,Rob Drake,2
822813,2026-05-24,Willie Traynor,3
824839,2026-05-24,Jonathan Parra,3
824840,2026-05-24,Lance Barrett,3
824759,2026-05-24,Will Little,2
823459,2026-05-24,Mark Wegner,5
823544,2026-05-24,Doug Eddings,3
823861,2026-05-24,Jansen Visconti,5
824108,2026-05-24,John Bacon,3
823786,2026-05-24,Tyler Jones,4
824676,2026-05-24,Bill Miller,3
823220,2026-05-24,Chris Guccione,8
825081,2026-05-24,Bruce Dreckman,0
823297,2026-05-24,James Jean,5
824921,2026-05-24,Brock Ballou,3
824028,2026-05-24,John Libka,1
823380,2026-05-25,Mark Ripperger,2
824838,2026-05-25,Ryan Additon,8
824598,2026-05-25,Dan Iassogna,4
823784,2026-05-25,Marvin Hudson,2
824107,2026-05-25,Clint Vondrak,1
823625,2026-05-25,Vic Carapazza,4
823219,2026-05-25,James Hoye,5
824437,2026-05-25,Alfonso Márquez,2
823296,2026-05-25,David Rackley,4
822899,2026-05-25,Paul Clemons,5
822812,2026-05-25,Nic Lentz,2
823948,2026-05-25,Erich Bacchus,3
825005,2026-05-25,Carlos Torres,4
824434,2026-05-26,Mike Estabrook,8
824837,2026-05-26,Ryan Wills,2
824275,2026-05-26,Chris Conroy,3
823379,2026-05-26,Shane Livensparger,2
824758,2026-05-26,Alex Tosi,4
822811,2026-05-26,Gabe Morales,4
823624,2026-05-26,Emil Jimenez,9
824597,2026-05-26,Adam Beck,7
824106,2026-05-26,Nick Mahrley,2
823785,2026-05-26,Adam Hamari,4
822898,2026-05-26,Adrian Johnson,3
825004,2026-05-26,Nate Tomlinson,4
823294,2026-05-26,Nestor Ceja,4
823216,2026-05-26,Sean Barber,4
823949,2026-05-26,Malachi Moore,3
822809,2026-05-27,Austin Jones,1
824432,2026-05-27,Jonathan Parra,3
823783,2026-05-27,Todd Tichenor,6
825003,2026-05-27,Mark Wegner,3
823217,2026-05-27,D.J. Reyburn,1
823295,2026-05-27,Louie Krupa,5
824836,2026-05-27,Lance Barksdale,2
824270,2026-05-27,Brennan Miller,5
823376,2026-05-27,Dan Merzel,5
824756,2026-05-27,Jordan Baker,2
823626,2026-05-27,Edwin Moscoso,7
824596,2026-05-27,Jen Pawol,3
824104,2026-05-27,Tripp Gibson,3
822897,2026-05-27,Quinn Wolcott,7
823947,2026-05-27,Laz Diaz,4
824272,2026-05-28,Ben May,5
824595,2026-05-28,Jeremie Rehak,5
824757,2026-05-28,Willie Traynor,3
824834,2026-05-28,Tyler Jones,3
823378,2026-05-28,Dan Bellino,3
822896,2026-05-28,Ramon De Jesus,5
824515,2026-05-29,Ryan Blakney,2
822732,2026-05-29,Mark Ripperger,3
823377,2026-05-29,Jansen Visconti,5
824835,2026-05-29,Clint Vondrak,2
824433,2026-05-29,John Tumpane,5
822978,2026-05-29,Lance Barrett,4
823623,2026-05-29,Will Little,5
823055,2026-05-29,Paul Clemons,0
824594,2026-05-29,Hunter Wendelstedt,7
822894,2026-05-29,Bruce Dreckman,6
824191,2026-05-29,James Jean,4
824353,2026-05-29,Doug Eddings,3
825002,2026-05-29,Dan Iassogna,6
823135,2026-05-29,Chris Guccione,3
823946,2026-05-29,Steven Jaschinski,3
824593,2026-05-30,Vic Carapazza,4
822731,2026-05-30,Derek Thomas,7
822893,2026-05-30,Carlos Torres,2
824833,2026-05-30,Adam Hamari,4
823375,2026-05-30,Alex Tosi,1
824431,2026-05-30,Brennan Miller,4
822975,2026-05-30,Alfonso Márquez,6
823622,2026-05-30,Ryan Additon,6
824190,2026-05-30,Erich Bacchus,4
823054,2026-05-30,Edwin Jimenez,6
824513,2026-05-30,Marvin Hudson,2
824352,2026-05-30,Mike Muchlinski,3
825000,2026-05-30,Adam Beck,8
823132,2026-05-30,David Rackley,3
823945,2026-05-30,James Hoye,4
824832,2026-05-31,Todd Tichenor,3
822729,2026-05-31,Dan Merzel,4
823373,2026-05-31,Jordan Baker,2
824430,2026-05-31,Austin Jones,8
822976,2026-05-31,Mike Estabrook,3
824512,2026-05-31,Nick Mahrley,5
823621,2026-05-31,Ryan Wills,5
824592,2026-05-31,Nic Lentz,3
824187,2026-05-31,Malachi Moore,5
822895,2026-05-31,Nate Tomlinson,3
824354,2026-05-31,Emil Jimenez,4
825001,2026-05-31,Jen Pawol,5
823133,2026-05-31,Nestor Ceja,4
823944,2026-05-31,Sean Barber,10
823053,2026-05-31,Quinn Wolcott,4
822974,2026-06-01,Dan Bellino,7
822730,2026-06-01,Jim Wolf,8
824510,2026-06-01,Willie Traynor,4
823702,2026-06-01,Ben May,5
823781,2026-06-01,Ramon De Jesus,5
823050,2026-06-01,Scott Barry,3
824027,2026-06-01,Brian Walsh,6
825078,2026-06-01,Rob Drake,5
823131,2026-06-01,Jeremie Rehak,6
822971,2026-06-02,Mark Ripperger,5
823460,2026-06-02,Edwin Moscoso,3
824754,2026-06-02,Tripp Gibson,2
822728,2026-06-02,Alex MacKay,6
823541,2026-06-02,Chris Segal,3
824511,2026-06-02,Andy Fletcher,5
824918,2026-06-02,Mark Wegner,6
823700,2026-06-02,John Tumpane,4
823782,2026-06-02,Paul Clemons,2
823052,2026-06-02,Manny Gonzalez,3
824675,2026-06-02,D.J. Reyburn,5
824189,2026-06-02,Louie Krupa,6
824026,2026-06-02,Bill Miller,4
825079,2026-06-02,Stu Scheurwater,8
823129,2026-06-02,Dan Iassogna,1
822727,2026-06-03,Alan Porter,6
822973,2026-06-03,Derek Thomas,4
823701,2026-06-03,Brennan Miller,7
823130,2026-06-03,Adam Beck,5
823456,2026-06-03,Hunter Wendelstedt,2
824755,2026-06-03,Ryan Blakney,2
823540,2026-06-03,Laz Diaz,6
824509,2026-06-03,Cory Blaser,2
824917,2026-06-03,Bruce Dreckman,2
823780,2026-06-03,Quinn Wolcott,5
823051,2026-06-03,Tom Hanahan,5
824671,2026-06-03,John Libka,2
824188,2026-06-03,Chris Guccione,5
824024,2026-06-03,Chad Fairchild,6
825077,2026-06-03,Junior Valentine,2
824269,2026-06-06,Chris Segal,3
823697,2026-06-06,Mark Ripperger,7
823048,2026-06-06,Ben May,4
824669,2026-06-06,Willie Traynor,6
822808,2026-06-06,Edwin Moscoso,2
823454,2026-06-06,Jim Wolf,3
825075,2026-06-06,Scott Barry,3
824184,2026-06-06,Tripp Gibson,5
824915,2026-06-06,Paul Clemons,4
823859,2026-06-06,Mark Wegner,5
822891,2026-06-06,Louie Krupa,4
824351,2026-06-06,Stu Scheurwater,7
823942,2026-06-06,Jeremie Rehak,4
823292,2026-06-06,Brian Walsh,3
824916,2026-06-07,Quinn Wolcott,3
823453,2026-06-07,Alex MacKay,4
823537,2026-06-07,D.J. Reyburn,5
822807,2026-06-07,Hunter Wendelstedt,4
824268,2026-06-07,Laz Diaz,9
823857,2026-06-07,Bruce Dreckman,3
824183,2026-06-07,Ryan Blakney,3
823696,2026-06-07,Shane Livensparger,8
823047,2026-06-07,John Tumpane,4
822890,2026-06-07,Chris Guccione,9
824349,2026-06-07,Junior Valentine,9
825074,2026-06-07,Manny Gonzalez,5
823941,2026-06-07,Dan Iassogna,6
823291,2026-06-07,Chad Fairchild,7
824670,2026-06-07,Cory Blaser,6
824829,2026-06-08,Gabe Morales,6
822972,2026-06-08,Alan Porter,8
824427,2026-06-08,Nate Tomlinson,4
822806,2026-06-08,Jansen Visconti,3
824025,2026-06-08,Tom Hanahan,3
823289,2026-06-08,Lance Barrett,10
823218,2026-06-08,Adam Beck,4
824998,2026-06-08,Clint Vondrak,16
824830,2026-06-09,Doug Eddings,4
823374,2026-06-09,Brennan Miller,8
822969,2026-06-09,Roberto Ortiz,3
824267,2026-06-09,Lance Barksdale,6
823858,2026-06-09,Edwin Jimenez,3
824429,2026-06-09,Jacob Metz,8
822805,2026-06-09,Alex Tosi,3
823620,2026-06-09,Rob Drake,2
824105,2026-06-09,James Jean,3
824591,2026-06-09,Jonathan Parra,3
824347,2026-06-09,David Rackley,7
824023,2026-06-09,Dillon Wilson,3
823290,2026-06-09,Malachi Moore,9
823214,2026-06-09,Jen Pawol,5
824999,2026-06-09,Adam Hamari,5
822970,2026-06-10,Jim Wolf,4
824428,2026-06-10,Mark Wegner,5
823215,2026-06-10,Jeremie Rehak,7
823287,2026-06-10,Alfonso Márquez,6
824831,2026-06-10,Mike Muchlinski,2
823372,2026-06-10,Felix Neon,7
824266,2026-06-10,Will Little,4
823856,2026-06-10,Ramon De Jesus,5
822804,2026-06-10,Willie Traynor,2
823618,2026-06-10,Stu Scheurwater,7
824103,2026-06-10,Erich Bacchus,7
824590,2026-06-10,Chad Whitson,2
824348,2026-06-10,Nestor Ceja,4
824996,2026-06-10,Brock Ballou,4
824022,2026-06-10,Ron Kulpa,4
823619,2026-06-11,Scott Barry,3
824265,2026-06-11,Ryan Additon,3
823855,2026-06-11,Paul Clemons,4
824101,2026-06-11,Chris Segal,5
824346,2026-06-11,Louie Krupa,5
823371,2026-06-11,Chris Conroy,5
824827,2026-06-11,Emil Jimenez,2
823370,2026-06-12,Junior Valentine,3
822726,2026-06-12,Cory Blaser,1
824826,2026-06-12,Ben May,1
824425,2026-06-12,Gabe Morales,2
824752,2026-06-12,Brian Walsh,3
824507,2026-06-12,Alex MacKay,6
823617,2026-06-12,John Bacon,4
822803,2026-06-12,John Tumpane,8
824588,2026-06-12,Manny Gonzalez,3
823778,2026-06-12,Chad Fairchild,5
824102,2026-06-12,Bruce Dreckman,8
823695,2026-06-12,Dan Iassogna,10
824020,2026-06-12,Chris Guccione,4
824997,2026-06-12,Mike Estabrook,3
823211,2026-06-12,Todd Tichenor,6
823694,2026-06-13,Adam Beck,4
822802,2026-06-13,Ramon De Jesus,4
824828,2026-06-13,Brennan Miller,3
822725,2026-06-13,Jansen Visconti,5
823369,2026-06-13,Rob Drake,4
824508,2026-06-13,Lance Barksdale,5
824426,2026-06-13,Doug Eddings,4
824749,2026-06-13,Bill Miller,6
823616,2026-06-13,Alan Porter,6
824587,2026-06-13,Tom Hanahan,4
824100,2026-06-13,Nate Tomlinson,6
823776,2026-06-13,James Jean,3
824995,2026-06-13,Lance Barrett,3
823213,2026-06-13,Tyler Jones,4
824019,2026-06-13,David Rackley,2
823368,2026-06-14,Stu Scheurwater,4
824823,2026-06-14,Felix Neon,5
822722,2026-06-14,Alex Tosi,3
822801,2026-06-14,Steven Jaschinski,5
824506,2026-06-14,Dexter Kelley,5
823615,2026-06-14,Roberto Ortiz,2
824099,2026-06-14,Jacob Metz,2
823693,2026-06-14,Jen Pawol,9
824586,2026-06-14,Dillon Wilson,4
823777,2026-06-14,Erich Bacchus,5
824994,2026-06-14,Malachi Moore,8
823212,2026-06-14,Clint Vondrak,1
824021,2026-06-14,Nestor Ceja,5
824751,2026-06-14,Jonathan Parra,4
823452,2026-06-15,Tripp Gibson,1
822724,2026-06-15,Chad Whitson,4
824505,2026-06-15,Mark Wegner,5
823046,2026-06-15,Laz Diaz,0
824666,2026-06-15,James Hoye,3
822887,2026-06-15,Derek Thomas,5
824181,2026-06-15,Paul Clemons,4
825071,2026-06-15,Vic Carapazza,2
824993,2026-06-15,Charlie Ramos,6
823938,2026-06-15,Dan Merzel,5
823451,2026-06-16,Sean Barber,5
822723,2026-06-16,Chad Fairchild,3
824750,2026-06-16,Ron Kulpa,5
823535,2026-06-16,Mike Muchlinski,3
824504,2026-06-16,Carlos Torres,3
823775,2026-06-16,Ryan Additon,2
823045,2026-06-16,Nic Lentz,4
824667,2026-06-16,Willie Traynor,2
822888,2026-06-16,Alfonso Márquez,6
824182,2026-06-16,Adrian Johnson,4
825070,2026-06-16,Edwin Moscoso,3
824991,2026-06-16,Chris Guccione,5
823128,2026-06-16,Adam Hamari,3
823939,2026-06-16,Dan Bellino,4
824912,2026-06-16,Jordan Baker,3
824503,2026-06-17,Nate Tomlinson,2
822721,2026-06-17,Bill Miller,7
823450,2026-06-17,Dexter Kelley,4
824178,2026-06-17,Quinn Wolcott,5
823044,2026-06-17,James Jean,2
823940,2026-06-17,Mark Ripperger,6
825072,2026-06-17,Jen Pawol,4
824746,2026-06-17,Scott Barry,1
823536,2026-06-17,Emil Jimenez,7
824913,2026-06-17,Junior Valentine,2
823774,2026-06-17,Ryan Wills,3
824668,2026-06-17,John Libka,3
824992,2026-06-17,David Rackley,2
823127,2026-06-17,Todd Tichenor,3
824748,2026-06-18,Manny Gonzalez,4
823772,2026-06-18,Lance Barksdale,6
822889,2026-06-18,Mike Estabrook,2
823125,2026-06-18,Tyler Jones,9
823448,2026-06-18,Brian Walsh,5
823533,2026-06-18,Gabe Morales,3
824098,2026-06-18,Ryan Blakney,7
824989,2026-06-18,Shane Livensparger,4
824663,2026-06-19,Lance Barrett,6
824264,2026-06-19,Rob Drake,3
823534,2026-06-19,Chris Segal,3
822966,2026-06-19,Will Little,2
823853,2026-06-19,Jacob Metz,4
824910,2026-06-19,Tom Hanahan,3
822886,2026-06-19,Emil Jimenez,1
824179,2026-06-19,Hunter Wendelstedt,7
824097,2026-06-19,Tripp Gibson,4
824345,2026-06-19,Clint Vondrak,4
824990,2026-06-19,Dan Merzel,6
825069,2026-06-19,D.J. Reyburn,4
823936,2026-06-19,Nestor Ceja,4
823124,2026-06-19,Steven Jaschinski,5
824263,2026-06-20,Stu Scheurwater,6
823532,2026-06-20,Laz Diaz,4
824665,2026-06-20,Malachi Moore,7
822885,2026-06-20,Doug Eddings,3
822967,2026-06-20,Ryan Additon,6
823854,2026-06-20,Mark Wegner,3
824909,2026-06-20,Ron Kulpa,4
824180,2026-06-20,Vic Carapazza,2
823447,2026-06-20,Chad Whitson,3
824342,2026-06-20,Adam Hamari,0
824988,2026-06-20,Dan Bellino,3
823937,2026-06-20,Charlie Ramos,7
823126,2026-06-20,Paul Clemons,3
825068,2026-06-20,James Hoye,1
823531,2026-06-21,Nic Lentz,2
824908,2026-06-21,Scott Barry,0
822968,2026-06-21,Ryan Wills,3
824260,2026-06-21,Jordan Baker,4
823852,2026-06-21,Carlos Torres,0
824177,2026-06-21,Edwin Moscoso,4
824095,2026-06-21,Sean Barber,4
822883,2026-06-21,Mike Muchlinski,1
824343,2026-06-21,Todd Tichenor,6
825067,2026-06-21,Willie Traynor,1
824987,2026-06-21,Mark Ripperger,6
823934,2026-06-21,Derek Thomas,3
823123,2026-06-21,Adrian Johnson,4
823449,2026-06-21,Dillon Wilson,3
824261,2026-06-22,Jim Wolf,6
822964,2026-06-22,Gabe Morales,4
823851,2026-06-22,Cory Blaser,3
822720,2026-06-22,Jeremie Rehak,5
822800,2026-06-22,Bill Miller,8
824502,2026-06-22,Tyler Jones,7
823692,2026-06-22,Lance Barksdale,9
824585,2026-06-22,Nick Mahrley,7
823040,2026-06-22,Nate Tomlinson,2
824344,2026-06-22,Chris Conroy,4
824016,2026-06-22,John Libka,4
823288,2026-06-22,Shane Livensparger,4
822799,2026-06-23,Brian Walsh,5
823365,2026-06-23,Hunter Wendelstedt,6
822963,2026-06-23,Doug Eddings,4
823849,2026-06-23,Jansen Visconti,5
824262,2026-06-23,Alex MacKay,4
822718,2026-06-23,Dan Iassogna,6
823614,2026-06-23,Junior Valentine,6
824501,2026-06-23,Clint Vondrak,5
823690,2026-06-23,Will Little,5
824584,2026-06-23,Ryan Blakney,3
823043,2026-06-23,Jacob Metz,4
824340,2026-06-23,Ben May,5
824017,2026-06-23,D.J. Reyburn,4
823286,2026-06-23,Dan Merzel,3
823210,2026-06-23,Quinn Wolcott,3
823850,2026-06-24,James Jean,2
823613,2026-06-24,Austin Jones,4
823611,2026-06-24,Stu Scheurwater,2
824583,2026-06-24,Tripp Gibson,4
824341,2026-06-24,Brennan Miller,5
824018,2026-06-24,James Hoye,6
823367,2026-06-24,Vic Carapazza,4
822965,2026-06-24,Mike Muchlinski,7
824259,2026-06-24,Alan Porter,2
822719,2026-06-24,Adam Beck,5
822798,2026-06-24,Chad Whitson,5
824500,2026-06-24,Adam Hamari,3
823691,2026-06-24,Ryan Additon,7
823041,2026-06-24,Bruce Dreckman,2
823284,2026-06-24,Dan Bellino,0
823208,2026-06-24,Ramon De Jesus,6
822961,2026-06-25,Emil Jimenez,3
823366,2026-06-25,Edwin Moscoso,3
823209,2026-06-25,Paul Clemons,5
824258,2026-06-25,Ryan Wills,5
822717,2026-06-25,Louie Krupa,3
822797,2026-06-25,Roberto Ortiz,4
823612,2026-06-25,Jordan Baker,6
824747,2026-06-25,Todd Tichenor,3
824255,2026-06-26,Lance Barksdale,5
823363,2026-06-26,Jeremie Rehak,5
824824,2026-06-26,Alex Tosi,6
822796,2026-06-26,Jim Wolf,5
824423,2026-06-26,Mark Wegner,5
822962,2026-06-26,Chad Fairchild,2
823610,2026-06-26,Gabe Morales,4
824743,2026-06-26,Tyler Jones,3
824582,2026-06-26,Sean Barber,3
823773,2026-06-26,Nic Lentz,2
823688,2026-06-26,Mark Ripperger,5
823039,2026-06-26,Junior Valentine,5
824014,2026-06-26,Dillon Wilson,3
823285,2026-06-26,Adrian Johnson,4
823206,2026-06-26,John Tumpane,2
824257,2026-06-27,Will Little,3
824745,2026-06-27,Clint Vondrak,3
822794,2026-06-27,Alex MacKay,7
823364,2026-06-27,Dan Iassogna,5
823609,2026-06-27,Doug Eddings,7
824581,2026-06-27,John Libka,3
822960,2026-06-27,Bill Miller,2
824825,2026-06-27,Cory Blaser,7
824421,2026-06-27,Carlos Torres,4
823689,2026-06-27,Shane Livensparger,5
823770,2026-06-27,Hunter Wendelstedt,3
823038,2026-06-27,Austin Jones,3
823283,2026-06-27,Quinn Wolcott,2
823207,2026-06-27,Chris Conroy,0
824015,2026-06-27,Nick Mahrley,3
824821,2026-06-28,Jansen Visconti,4
823362,2026-06-28,Adam Beck,4
822795,2026-06-28,Alan Porter,5
824256,2026-06-28,Ryan Additon,6
824422,2026-06-28,Nate Tomlinson,7
822959,2026-06-28,Brian Walsh,7
823608,2026-06-28,Mike Muchlinski,5
823686,2026-06-28,Dan Merzel,3
824580,2026-06-28,D.J. Reyburn,5
823769,2026-06-28,Vic Carapazza,5
823037,2026-06-28,Stu Scheurwater,3
824011,2026-06-28,Ben May,2
823204,2026-06-28,Willie Traynor,2
823281,2026-06-28,Ramon De Jesus,4
824744,2026-06-28,Adam Hamari,5
824822,2026-06-29,Bruce Dreckman,9
823444,2026-06-29,Andy Fletcher,6
823529,2026-06-29,Alfonso Márquez,7
822792,2026-06-29,James Hoye,4
824741,2026-06-29,Edwin Moscoso,5
824420,2026-06-29,Erich Bacchus,3
823771,2026-06-29,Dan Bellino,5
824662,2026-06-29,Ryan Wills,7
824176,2026-06-29,Brennan Miller,1
824339,2026-06-29,Paul Clemons,6
824986,2026-06-29,Manny Gonzalez,4
823121,2026-06-29,Chris Guccione,5
825065,2026-06-29,Tripp Gibson,3
824819,2026-06-30,Mark Wegner,5
824418,2026-06-30,Brian O'Nora,2
823445,2026-06-30,Alex Tosi,2
823528,2026-06-30,Mike Estabrook,7
822793,2026-06-30,Sean Barber,5
824742,2026-06-30,Nic Lentz,5
824907,2026-06-30,Roberto Ortiz,5
824096,2026-06-30,Jordan Baker,8
823768,2026-06-30,Mark Ripperger,4
824661,2026-06-30,Jeremie Rehak,3
824175,2026-06-30,John Tumpane,8
824338,2026-06-30,Quinn Wolcott,6
824984,2026-06-30,Steven Jaschinski,3
823122,2026-06-30,Nestor Ceja,5
825066,2026-06-30,Ryan Blakney,5
824818,2026-07-01,Carlos Torres,4
824419,2026-07-01,Chris Segal,5
824740,2026-07-01,Hunter Wendelstedt,6
823530,2026-07-01,Lance Barrett,6
824660,2026-07-01,Dan Iassogna,1
822791,2026-07-01,John Libka,1
823446,2026-07-01,Cory Blaser,6
824905,2026-07-01,Jim Wolf,1
824094,2026-07-01,Junior Valentine,0
824174,2026-07-01,Chris Conroy,8
823767,2026-07-01,Brock Ballou,5
824337,2026-07-01,Dexter Kelley,3
824985,2026-07-01,Tom Hanahan,3
825064,2026-07-01,Nick Mahrley,1
823442,2026-07-02,Jansen Visconti,6
823765,2026-07-02,Dan Merzel,5
824335,2026-07-02,Ramon De Jesus,3
824416,2026-07-02,Vic Carapazza,2
824906,2026-07-02,Alan Porter,4
824093,2026-07-02,Austin Jones,0
822884,2026-07-02,Willie Traynor,2
823119,2026-07-02,Charlie Ramos,3
823935,2026-07-02,Ben May,3
824659,2026-07-03,Dan Bellino,6
822714,2026-07-03,Nate Tomlinson,3
823527,2026-07-03,D.J. Reyburn,6
824498,2026-07-03,Laz Diaz,7
824417,2026-07-03,Edwin Moscoso,6
824904,2026-07-03,Malachi Moore,4
824336,2026-07-03,Ron Kulpa,7
824173,2026-07-03,Andy Fletcher,6
824013,2026-07-03,Adam Beck,4
824982,2026-07-03,Rob Drake,3
825062,2026-07-03,David Rackley,7
823933,2026-07-03,Tripp Gibson,3
823120,2026-07-03,Paul Clemons,3
822716,2026-07-04,Bruce Dreckman,5
823526,2026-07-04,James Hoye,11
822882,2026-07-04,Brennan Miller,2
823118,2026-07-04,Quinn Wolcott,2
824499,2026-07-04,Erich Bacchus,3
824171,2026-07-04,Alex Tosi,6
824415,2026-07-04,Nic Lentz,4
824658,2026-07-04,Mark Ripperger,3
824903,2026-07-04,Alfonso Márquez,4
824334,2026-07-04,Scott Barry,6
824092,2026-07-04,Alex MacKay,3
824012,2026-07-04,Steven Jaschinski,4
824983,2026-07-04,Jordan Baker,4
825063,2026-07-04,Chris Guccione,2
823932,2026-07-04,Ryan Blakney,3
824902,2026-07-05,Mike Estabrook,7
822715,2026-07-05,Mark Wegner,4
824497,2026-07-05,Brian O'Nora,7
823525,2026-07-05,Sean Barber,6
824413,2026-07-05,Hunter Wendelstedt,5
824656,2026-07-05,Brock Ballou,3
824091,2026-07-05,Roberto Ortiz,5
824172,2026-07-05,Cory Blaser,6
822879,2026-07-05,John Tumpane,8
824333,2026-07-05,Tom Hanahan,4
825061,2026-07-05,Nestor Ceja,5
824980,2026-07-05,Junior Valentine,7
823117,2026-07-05,Dexter Kelley,5
823931,2026-07-05,Nick Mahrley,6
824010,2026-07-05,Jeremie Rehak,2
824089,2026-07-06,Alan Porter,5
822958,2026-07-06,Emil Jimenez,2
822712,2026-07-06,Dan Merzel,8
824900,2026-07-06,Lance Barrett,11
823036,2026-07-06,Edwin Jimenez,4
823282,2026-07-06,Ryan Wills,4
823205,2026-07-06,Austin Jones,4
823930,2026-07-06,Dan Iassogna,7
823062,2026-07-07,Clint Vondrak,3
823035,2026-07-07,Adam Hamari,1
824820,2026-07-07,Ramon De Jesus,3
824254,2026-07-07,Jim Wolf,7
823361,2026-07-07,Vic Carapazza,5
823847,2026-07-07,Chris Segal,6
822956,2026-07-07,Gabe Morales,2
822713,2026-07-07,Shane Livensparger,2
823607,2026-07-07,Ron Kulpa,4
824495,2026-07-07,Malachi Moore,10
823687,2026-07-07,Marvin Hudson,4
824579,2026-07-07,Charlie Ramos,8
822881,2026-07-07,Chad Whitson,5
823280,2026-07-07,Lance Barksdale,5
823203,2026-07-07,Rob Drake,2
823929,2026-07-07,Adam Beck,6
823202,2026-07-08,Stu Scheurwater,3
824815,2026-07-08,Adrian Johnson,5
824253,2026-07-08,Alex MacKay,6
823360,2026-07-08,Edwin Moscoso,3
823848,2026-07-08,Laz Diaz,3
822957,2026-07-08,Doug Eddings,3
822710,2026-07-08,Mark Ripperger,3
823605,2026-07-08,Tyler Jones,3
824496,2026-07-08,Alfonso Márquez,4
823684,2026-07-08,Ryan Additon,9
824578,2026-07-08,David Rackley,3
823032,2026-07-08,Jen Pawol,4
822880,2026-07-08,Chad Fairchild,5
823928,2026-07-08,Steven Jaschinski,4
823279,2026-07-08,Willie Traynor,5
823359,2026-07-09,Nic Lentz,5
823606,2026-07-09,Manny Gonzalez,2
822954,2026-07-09,Mike Muchlinski,4
824816,2026-07-09,Paul Clemons,4
823683,2026-07-09,Ryan Blakney,6
824577,2026-07-09,Chris Guccione,4
824251,2026-07-09,Roberto Ortiz,2
823846,2026-07-09,Erich Bacchus,2
824494,2026-07-09,Mike Estabrook,3
823034,2026-07-09,Todd Tichenor,4
822877,2026-07-09,Bill Miller,4
823277,2026-07-09,Will Little,2
823201,2026-07-09,Junior Valentine,2
824252,2026-07-10,Hunter Wendelstedt,6
822709,2026-07-10,Nestor Ceja,5
824817,2026-07-10,Nick Mahrley,1
824493,2026-07-10,Jim Wolf,9
822955,2026-07-10,Tom Hanahan,1
823845,2026-07-10,Brian Walsh,5
823604,2026-07-10,Alan Porter,6
824575,2026-07-10,Emil Jimenez,4
822878,2026-07-10,Quinn Wolcott,3
823685,2026-07-10,Brian O'Nora,5
823033,2026-07-10,Jeremie Rehak,4
823278,2026-07-10,Clint Vondrak,3
823927,2026-07-10,Austin Jones,4
823200,2026-07-10,Ryan Wills,7
